fbtime,title,company,experence,gzdd,zwyx,totalnum
2017-09-13 10:20:53,Java开发工程师,中金支付有限公司 ,1-3年,北京,10000-20000元/月 ,15 
2017-09-20 16:19:07,Java游戏服务器,重庆盟岩科技有限公司 ,不限,北京,8000-15000元/月 ,1 
2017-09-20 18:16:36,java开发工程师,北京天悦互动科技有限公司 ,1-3年,北京,15000-24000元/月 ,1 
2017-09-20 09:34:51,高级JAVA工程师,北京点石经纬科技有限公司 ,5-10年,北京,20000-30000元/月 ,1 
2017-09-20 17:45:26,java高级工程师,北京玩乐付科技有限公司 ,5-10年,北京,30001-50000元/月 ,1 
2017-09-08 12:10:29,Java工程师,北京家常科技有限公司 ,3-5年,北京,12000-18000元/月 ,2 
2017-09-18 09:28:51,高级java开发工程师,天津易商互动科技股份有限公司 ,3-5年,北京,15001-20000元/月 ,1 
2017-09-20 14:05:51,Java开发工程师,北京多彩投网络科技有限公司 ,3-5年,北京,10001-15000元/月 ,1 
2017-09-20 12:11:01,高级JAVA工程师,北京对啊网教育科技有限公司 ,3-5年,北京,15001-20000元/月 ,1 
0002-01-01 00:00:00,项目部一企业直招Java工程师,北京中软智信科技有限公司 ,不限,北京,4001-6000元/月 ,3 
0002-01-01 00:00:00,Java实习生,北京中软智信科技有限公司 ,不限,北京,4001-6000元/月 ,5 
2017-09-14 08:41:31,JAVA软件运维工程师（数字研发部）,中国科技出版传媒股份有限公司 ,1-3年,北京,10000-20000元/月 ,3 
2017-09-14 08:41:37,JAVA软件运维工程师（数字研发部）,中国科技出版传媒股份有限公司 ,1-3年,北京,10000-20000元/月 ,3 
2017-09-20 18:00:00,高级java开发工程师,北京致行资产管理有限公司 ,5-10年,北京,15000-30000元/月 ,1 
0002-01-01 00:00:00,初级Java软件工程师实习生,北京中软智信科技有限公司 ,不限,北京,4001-6000元/月 ,5 
2017-09-19 19:00:00,Java开发工程师,北京智网易联科技有限公司 ,3-5年,北京,15000-18000元/月 ,2 
2017-09-20 11:23:14,Java工程师-海外直播APP,北京趣加科技有限公司 ,1-3年,北京,10000-20000元/月 ,1 
0002-01-01 00:00:00,高级java工程师,房天下 ,3-5年,北京,10001-15000元/月 ,3 
2017-09-18 10:59:08,JAVA开发工程师,北京柯锐特信息技术有限公司 ,3-5年,北京,10000-20000元/月 ,3 
0002-01-01 00:00:00,日语JAVA工程师,深圳职人网络技术有限公司 ,3-5年,北京,8000-16000元/月 ,1 
2017-09-19 13:56:25,转互联网Java软件开发程序员,因特驰软件(北京)有限公司,无经验,北京,8001-10000元/月 ,35 
2017-09-17 11:00:01,项目组2 零基础Java工程师（Java/安卓)双薪,华锐祥博(北京)科技有限公司 ,不限,北京,8001-10000元/月 ,18 
2017-09-18 13:47:09,开发3部582-Java实习生零基础,华锐祥博(北京)科技有限公司 ,不限,北京,4001-6000元/月 ,15 
2017-09-14 13:22:16,开发2部170 java软件开发实习生高薪定岗,华锐祥博(北京)科技有限公司 ,不限,北京,6001-8000元/月 ,15 
2017-09-18 11:16:07,java开发工程师,北京学慧网络教育科技有限公司 ,3-5年,北京,10001-15000元/月 ,1 
2017-09-20 12:12:47,java,北京火星云软件技术有限公司 ,3-5年,北京,8000-16000元/月 ,2 
2017-09-06 10:28:18,研发部二 Java工程师招聘实习生,华锐祥博(北京)科技有限公司 ,不限,北京,10001-15000元/月 ,12 
0002-01-01 00:00:00,JAVA高级开发工程师,北京智通博瑞科技发展有限公司 ,3-5年,北京,15001-20000元/月 ,2 
2017-09-06 10:28:03,研发部二 7k起薪招Java应届生,华锐祥博(北京)科技有限公司 ,不限,北京,8001-10000元/月 ,12 
2017-09-15 14:14:08,研发部二 无门槛诚聘Java工程师85,华锐祥博(北京)科技有限公司 ,不限,北京,8001-10000元/月 ,12 
0002-01-01 00:00:00,Java开发工程师,迈思可文化传媒(北京)有限公司 ,3-5年,北京,20001-30000元/月 ,1 
2017-09-18 10:46:48,高级JAVA开发工程师,中和宝电子商务(北京)有限公司 ,不限,北京,15000-25000元/月 ,3 
2017-08-27 11:13:30,Java高级工程师,北京鼎亚科技有限公司 ,3-5年,北京,15000-25000元/月 ,5 
2017-09-19 10:50:00,企业直招java开发工程师接收应届生(实习）,华锐祥博(北京)科技有限公司 ,不限,北京,8001-10000元/月 ,18 
2017-07-31 10:33:12,高级JAVA开发工程师,北京火星盒子科技有限公司 ,5-10年,北京,15000-25000元/月 ,1 
2017-09-20 16:19:34,java(高级）,上海仁维软件有限公司 ,5-10年,北京,15000-25000元/月 ,5 
2017-09-13 09:18:47,Java开发工程师,包商银行股份有限公司,不限,北京,面议 ,999 
0002-01-01 00:00:00,Java开发实习生,北京中软智信科技有限公司 ,不限,北京,4001-6000元/月 ,5 
2017-09-15 09:22:39,java软件工程师,北京恒辉信达技术有限公司长沙分公司 ,1-3年,北京,8001-10000元/月 ,5 
2017-09-15 11:13:58,JAVA开发工程师,北京的卢深视科技有限公司 ,不限,北京,15001-20000元/月 ,1 
2017-09-15 11:13:53,JAVA高级开发工程师,北京的卢深视科技有限公司 ,不限,北京,20001-30000元/月 ,1 
0002-01-01 00:00:00,高级Java开发工程师,哈尔滨新中新电子股份有限公司北京分公司 ,不限,北京,25000-40000元/月 ,1 
2017-09-20 15:01:10,JAVA开发Leader(八年经验),哈尔滨新中新电子股份有限公司北京分公司 ,不限,北京,30001-50000元/月 ,1 
2017-09-13 17:26:26,项目部一java开发工程师8k双休包住,华锐祥博(北京)科技有限公司 ,不限,北京,8001-10000元/月 ,21 
2017-09-20 10:30:17,金融软Java程序员,因特驰软件(北京)有限公司,不限,北京,8001-10000元/月 ,35 
2017-09-20 10:30:17,Java/C/C++软件工程师／大数据开发,因特驰软件(北京)有限公司,不限,北京,8001-10000元/月 ,35 
2017-09-13 09:57:51,高级Java工程师,北京神州云合数据科技发展有限公司 ,3-5年,北京,10001-15000元/月 ,10 
2017-09-13 09:57:51,初级Java工程师,北京神州云合数据科技发展有限公司 ,1-3年,北京,6000-10000元/月 ,10 
2017-09-13 09:57:51,JAVA工程师,北京神州云合数据科技发展有限公司 ,3-5年,北京,10000-18000元/月 ,5 
2017-09-15 09:28:48,高级Java工程师,合力贷(北京)科技有限公司 ,3-5年,北京,15001-20000元/月 ,2 
2017-09-17 18:10:07,java开发工程师+五险一金+双休（实习生）,北京荣新广育科技有限公司,不限,北京,4001-6000元/月 ,15 
2017-09-18 08:40:54,JAVA高级工程师( 后端 ),北京咚漫娱乐有限公司 ,3-5年,北京,20000-35000元/月 ,1 
2017-09-17 10:30:02,项目部一企业直招零基础Java工程师实习生,华锐祥博(北京)科技有限公司 ,不限,北京,8001-10000元/月 ,20 
2017-09-13 16:34:46,JAVA开发工程师-票据业务（需要长期出差）,北京明润华创科技有限责任公司 ,1-3年,北京,5000-10000元/月 ,3 
2017-09-18 09:48:47,Java高级开发工程师,北京万物小草智能科技有限公司 ,3-5年,北京,15000-25000元/月 ,1 
2017-09-15 09:47:09,Java开发工程师,北京戎超科技有限公司 ,5-10年,北京,15000-30000元/月 ,2 
2017-09-13 16:46:10,高级JAVA开发工程师,北京普巴软件有限公司 ,3-5年,北京,12000-18000元/月 ,1 
2017-09-13 16:31:24,JAVA大数据开发助理（五险一金+双休）,北京优才众创管理咨询合伙企业(有限合伙) ,不限,北京,4001-6000元/月 ,2 
2017-09-20 14:55:26,JAVA开发工程师,中瑞华科(北京)科技有限公司 ,不限,北京,6001-8000元/月 ,8 
2017-09-20 12:10:00,JAVA工程师,传奇梦想(北京)文化传媒有限公司 ,1-3年,北京,10000-20000元/月 ,1 
2017-09-18 11:19:40,Java开发工程师,北京艾漫数据科技股份有限公司 ,1-3年,北京,10001-15000元/月 ,1 
2017-09-20 14:26:32,中级/高级Java工程师,思锐创途网络技术(北京)有限公司,3-5年,北京,12000-20000元/月 ,2 
2017-09-18 09:46:05,java开发工程师（ssh框架）,北京瑞合实创科技发展有限公司 ,3-5年,北京,15001-20000元/月 ,5 
2017-09-12 14:50:56,Java开发工程师,北京臻迪机器人有限公司,3-5年,北京,10000-15000元/月 ,1 
2017-09-15 10:16:21,Java开发经理,北京红枣科技有限公司 ,5-10年,北京,20000-23000元/月 ,1 
2017-09-20 15:13:28,java游戏服务器开发工程师,开心网,不限,北京,15001-20000元/月 ,2 
0002-01-01 00:00:00,java开发实习生,北京瑞明恒通科技有限公司 ,不限,北京,4001-6000元/月 ,5 
2017-09-20 15:13:20,JAVA开发工程师,东方瑞通（北京）咨询服务有限公司 ,1-3年,北京,10001-15000元/月 ,1 
2017-09-18 11:29:41,java开发工程师,北京众享智选科技有限公司 ,3-5年,北京,10000-20000元/月 ,2 
2017-09-06 10:16:13,高级JAVA开发工程师,北京汉朔科技有限公司 ,3-5年,北京,10001-15000元/月 ,1 
2017-09-19 11:04:31,Java开发程序员零基础可培养,云涯谷(北京)软件技术有限公司,无经验,北京,6001-8000元/月 ,5 
2017-08-18 10:05:42,JAVA高级开发工程师,畅捷通信息技术股份有限公司 ,3-5年,北京,70001-100000元/月 ,1 
2017-09-18 10:02:32,Java工程师,首中投资管理有限公司 ,3-5年,北京,10001-15000元/月 ,2 
2017-09-18 09:31:59,java开发工程师（中高级）,北京联合永道软件股份有限公司,3-5年,北京,10001-15000元/月 ,5 
2017-09-20 11:55:38,高级JAVA工程师,中益善源(北京)科技有限公司 ,3-5年,北京,15000-20000元/月 ,1 
2017-09-18 10:05:31,Java开发工程师,北京所问数据科技有限公司 ,3-5年,北京,15000-25000元/月 ,1 
2017-09-13 15:40:31,应届生 Java开发初级+双休五险一金,北京极客创想教育科技有限公司 ,不限,北京,6001-8000元/月 ,20 
2017-09-11 14:13:46,【校招】Java实习生,北京极客创想教育科技有限公司 ,无经验,北京,6001-8000元/月 ,3 
2017-09-14 09:17:43,高级JAVA工程师,北京复华卓越商业管理有限公司 ,5-10年,北京,15000-25000元/月 ,1 
0002-01-01 00:00:00,java开发高级工程师,旅悦(天津)酒店管理有限公司 ,3-5年,北京,20001-30000元/月 ,3 
0002-01-01 00:00:00,Java开发工程师,北京柯锐特信息技术有限公司 ,3-5年,北京,11000-16000元/月 ,10 
2017-09-08 09:05:37,java开发工程师,天津易商互动科技股份有限公司 ,1-3年,北京,8001-10000元/月 ,10 
2017-09-18 10:27:20,Java架构师,哆啦宝(北京)科技有限公司 ,5-10年,北京,28000-40000元/月 ,2 
2017-09-20 09:20:38,JAVA定岗助理（高薪+包住）,北京华信智原教育技术有限公司 ,不限,北京,4001-6000元/月 ,12 
2017-09-16 16:09:27,中高级Java工程师,北京寻宝天行网络技术有限公司 ,3-5年,北京,15000-30000元/月 ,1 
2017-09-18 08:48:24,开发2部 JAVA应届生JAVA实习生,华锐祥博(北京)科技有限公司 ,不限,北京,6001-8000元/月 ,15 
2017-09-20 10:30:17,Java资深开发工程师,因特驰软件(北京)有限公司,不限,北京,8001-10000元/月 ,35 
2017-09-20 10:28:26,Java资深开发工程师,因特驰软件(北京)有限公司,不限,北京,8001-10000元/月 ,12 
2017-09-20 10:28:36,Java软件开发工程师,因特驰软件(北京)有限公司,不限,北京,8001-10000元/月 ,12 
2017-09-20 10:28:36,软件Java测试工程师,因特驰软件(北京)有限公司,不限,北京,8001-10000元/月 ,12 
2017-09-20 10:28:36,转互联网Java软件开发程序员,因特驰软件(北京)有限公司,不限,北京,8001-10000元/月 ,12 
2017-09-20 10:30:17,Java软件开发实习生,因特驰软件(北京)有限公司,无经验,北京,8001-10000元/月 ,35 
2017-09-20 10:30:17,8K急招Java软件开发工程师,因特驰软件(北京)有限公司,不限,北京,8001-10000元/月 ,35 
2017-09-20 10:28:26,初级Java软件开发工程师,因特驰软件(北京)有限公司,无经验,北京,8001-10000元/月 ,12 
2017-09-20 10:28:26,金融软Java程序员,因特驰软件(北京)有限公司,不限,北京,8001-10000元/月 ,12 
2017-09-20 10:26:24,金融软Java程序员,因特驰软件(北京)有限公司,不限,北京,8001-10000元/月 ,35 
2017-06-12 15:20:23,JAVA工程师,云牛时代(北京)科技有限公司 ,3-5年,北京,15000-25000元/月 ,1 
0002-01-01 00:00:00,中级java工程师,国信金融信息服务(北京)有限公司 ,3-5年,北京,18000-22000元/月 ,1 
2017-09-20 10:30:17,初级Java软件开发工程师,因特驰软件(北京)有限公司,无经验,北京,8001-10000元/月 ,35 
2017-08-30 13:00:03,java大数据处理工程师（实习生）,中金云金融(北京)大数据科技股份有限公司 ,不限,北京,2001-4000元/月 ,3 
2017-09-13 16:34:43,JAVA开发工程师-需出差,北京明润华创科技有限责任公司 ,1-3年,北京,4000-8000元/月 ,4 
2017-09-20 09:54:02,JAVA高级软件工程师,泓钰汇财信息服务(北京)有限公司 ,3-5年,北京,15001-20000元/月 ,3 
2017-09-18 09:11:18,JAVA中级软件开发工程师,北京安信远腾科技有限公司 ,3-5年,北京,8000-11000元/月 ,10 
2017-09-20 09:46:21,Java开发工程师,北京创世新强科技有限公司 ,3-5年,北京,10001-15000元/月 ,1 
0002-01-01 00:00:00,Java开发工程师,北京易帕克科技有限公司,3-5年,北京,10000-18000元/月 ,8 
2017-09-20 09:21:23,初级JAVA 开发工程师 双休+五险一金,北京华信智原教育技术有限公司 ,不限,北京,4001-6000元/月 ,10 
2017-09-20 09:26:23,JAVA高级工程师,北京汇金行信息科技有限公司,5-10年,北京,15000-25000元/月 ,1 
0002-01-01 00:00:00,JAVA,红科网安(北京)科技有限公司 ,不限,北京,6001-8000元/月 ,2 
2017-07-31 09:00:08,高级Java工程师,天津中棋惟业体育发展有限公司北京分公司 ,5-10年,北京,15000-30000元/月 ,1 
2017-07-31 09:00:08,中级Java工程师,天津中棋惟业体育发展有限公司北京分公司 ,3-5年,北京,10001-15000元/月 ,1 
2017-09-20 15:12:47,JAVA软件开发程序员,中高软信息技术(北京)有限公司 ,不限,北京,6001-8000元/月 ,6 
2017-09-18 14:08:51,开发部二Java开发实习（应届生优先）+包住,华锐祥博(北京)科技有限公司 ,不限,北京,8001-10000元/月 ,18 
2017-09-18 14:08:51,开发部二初级Java软件开发工程师+实习生,华锐祥博(北京)科技有限公司 ,不限,北京,8001-10000元/月 ,18 
2017-09-14 08:31:31,JavaEE开发（实习生，可应届生）,北京美码科技有限公司,不限,北京,6001-8000元/月 ,16 
2017-09-17 17:10:01,java 开发,北京墨樱科技有限公司 ,1-3年,北京,10000-13000元/月 ,3 
2017-09-12 17:22:40,JAVA开发,北京华正明天信息技术股份有限公司 ,3-5年,北京,10001-15000元/月 ,1 
2017-09-18 09:26:31,Java开发工程师,财栋(上海)网络科技有限公司 ,3-5年,北京,15000-25000元/月 ,10 
2017-09-18 09:03:37,高级Java开发工程师,中圣明达控股有限公司 ,3-5年,北京,15000-25000元/月 ,1 
2017-09-19 08:37:48,JAVA高级开发工程师,北京花果信息技术有限公司 ,3-5年,北京,15001-20000元/月 ,1 
2017-09-20 10:46:13,初级Java软件工程师实习生（应届生优先）,北京赛智方舟信息咨询有限公司 ,不限,北京,8001-10000元/月 ,8 
2017-09-19 08:37:48,中级java开发,北京花果信息技术有限公司 ,3-5年,北京,10001-15000元/月 ,1 
2017-09-20 18:35:27,Java开发工程师,北京快方科技有限公司 ,3-5年,北京,10000-20000元/月 ,2 
2017-09-15 18:02:13,JAVA开发工程师,北京青苔数据科技有限公司 ,3-5年,北京,15001-20000元/月 ,1 
2017-09-20 15:36:44,高级java工程师,中丝国金(北京)资产管理有限公司 ,5-10年,北京,20001-30000元/月 ,2 
2017-09-13 16:31:00,初级JAVA工程师（技术中心）,北京优才创智科技有限公司 ,不限,北京,6001-8000元/月 ,5 
2017-09-15 09:29:49,Java中高级开发工程师,英泰伟业信息技术股份有限公司,3-5年,北京,15000-25000元/月 ,1 
2017-09-18 15:04:04,Java工程师,北京澳际教育咨询有限公司,3-5年,北京,10000-15000元/月 ,2 
2017-09-17 09:20:01,研发部二 招聘Java初级工程师,华锐祥博(北京)科技有限公司 ,不限,北京,8001-10000元/月 ,12 
2017-09-17 10:20:01,研发部二 招Java实习生包住宿,华锐祥博(北京)科技有限公司 ,不限,北京,8001-10000元/月 ,12 
2017-09-17 10:20:01,研发部二 Java实习岗位招聘，有无经验均可,华锐祥博(北京)科技有限公司 ,不限,北京,8001-10000元/月 ,10 
2017-09-18 08:48:01,开发2部 java软件开发实习生高薪定岗,华锐祥博(北京)科技有限公司 ,不限,北京,6001-8000元/月 ,15 
2017-09-15 13:29:33,研发三部诚招java开发程序员,华锐祥博(北京)科技有限公司 ,不限,北京,6001-8000元/月 ,15 
2017-09-18 08:26:53,研发部二 Java程序员无门槛招聘,华锐祥博(北京)科技有限公司 ,不限,北京,8001-10000元/月 ,12 
2017-09-01 14:51:57,招Java软件开发实习生  研发三部,华锐祥博(北京)科技有限公司 ,不限,北京,6001-8000元/月 ,12 
2017-09-17 09:50:01,急招0基础Java开发实习+高薪+五险,华锐祥博(北京)科技有限公司 ,不限,北京,8001-10000元/月 ,18 
2017-09-19 10:52:17,高级JAVA开发工程师,第一电动网 ,3-5年,北京,15000-30000元/月 ,1 
2017-09-17 09:50:01,企业急招Java软件开发五险一金（包住宿）,华锐祥博(北京)科技有限公司 ,不限,北京,8001-10000元/月 ,18 
2017-09-19 08:50:00,8K急招Java软件开发工程师,华锐祥博(北京)科技有限公司 ,无经验,北京,8001-10000元/月 ,18 
0002-01-01 00:00:00,急招大数据+JAVA助理,北京优才众创管理咨询合伙企业(有限合伙) ,不限,北京,4001-6000元/月 ,3 
0002-01-01 00:00:00,Java技术经理,北京桔子分期电子商务有限公司 ,5-10年,北京,20000-40000元/月 ,2 
2017-09-20 10:39:51,Java高级工程师（外包）：电商方向,北京鼎亚科技有限公司 ,5-10年,北京,15000-20000元/月 ,10 
2017-09-17 14:54:01,Java开发工程师（Web系统）(职位编号：5),北京智和信通技术有限公司 ,1-3年,北京,8000-15000元/月 ,3 
2017-09-17 14:54:01,Web前端开发（Java基础）(职位编号：2),北京智和信通技术有限公司 ,1-3年,北京,8001-10000元/月 ,2 
2017-09-20 12:28:05,java研发工程师,达疆网络科技(上海)有限公司 ,1-3年,北京,20001-30000元/月 ,999 
2017-09-20 12:28:05,Java软件工程师,达疆网络科技(上海)有限公司 ,5-10年,北京,15000-30000元/月 ,2 
2017-09-20 12:28:05,Java工程师,达疆网络科技(上海)有限公司 ,3-5年,北京,20001-30000元/月 ,5 
2017-08-25 09:37:19,中高级java工程师,北京中德福林软件科技有限公司 ,3-5年,北京,10001-15000元/月 ,6 
2017-09-20 10:26:24,Java软件开发实习生,因特驰软件(北京)有限公司,无经验,北京,8001-10000元/月 ,35 
2017-09-20 10:26:24,Java资深开发工程师,因特驰软件(北京)有限公司,不限,北京,8001-10000元/月 ,35 
2017-09-20 10:26:17,软件Java测试工程师,因特驰软件(北京)有限公司,不限,北京,8001-10000元/月 ,35 
2017-09-20 10:26:17,Java软件开发工程师,因特驰软件(北京)有限公司,不限,北京,8001-10000元/月 ,35 
2017-09-20 10:19:30,Java开发高级工程师（5年以上大牛）,北京轩慧国信科技有限公司 ,5-10年,北京,16000-22000元/月 ,2 
2017-09-20 10:31:38,软件Java测试工程师,因特驰软件(北京)有限公司,不限,北京,8001-10000元/月 ,35 
2017-09-20 10:28:26,8K急招Java软件开发工程师,因特驰软件(北京)有限公司,不限,北京,8001-10000元/月 ,12 
2017-09-20 10:28:26,Java软件开发实习生,因特驰软件(北京)有限公司,不限,北京,8001-10000元/月 ,12 
2017-09-20 10:26:17,转互联网Java软件开发程序员,因特驰软件(北京)有限公司,不限,北京,8001-10000元/月 ,35 
2017-09-20 10:26:17,初级Java软件开发工程师,因特驰软件(北京)有限公司,无经验,北京,8001-10000元/月 ,35 
2017-09-19 16:29:31,JAVA开发工程师,北京复华卓越商业管理有限公司 ,5-10年,北京,15000-30000元/月 ,1 
2017-09-20 10:26:24,8K急招Java软件开发工程师,因特驰软件(北京)有限公司,不限,北京,8001-10000元/月 ,35 
2017-09-20 10:31:38,Java软件开发工程师,因特驰软件(北京)有限公司,不限,北京,8001-10000元/月 ,35 
2017-09-20 10:19:38,初级Java软件开发工程师,因特驰软件(北京)有限公司,不限,北京,8001-10000元/月 ,35 
2017-09-20 10:19:38,Java/C/C++软件工程师／大数据开发,因特驰软件(北京)有限公司,不限,北京,8001-10000元/月 ,35 
2017-09-20 10:19:38,8K急招Java软件开发工程师,因特驰软件(北京)有限公司,不限,北京,8001-10000元/月 ,35 
2017-09-20 10:16:54,8K急招Java软件开发工程师,因特驰软件(北京)有限公司,不限,北京,8001-10000元/月 ,1 
2017-09-20 10:19:32,转互联网Java软件开发程序员,因特驰软件(北京)有限公司,不限,北京,8001-10000元/月 ,35 
2017-09-20 10:06:38,高级JAVA开发工程师,北京一点科研网络技术有限公司 ,3-5年,北京,15000-25000元/月 ,2 
2017-09-20 09:48:23,开发部4初级Java软件开发工程师,阁瑞钛伦特软件(北京)有限公司 ,不限,北京,8001-10000元/月 ,30 
2017-09-20 09:48:15,开发部4Java软件开发中级,阁瑞钛伦特软件(北京)有限公司 ,不限,北京,8001-10000元/月 ,26 
2017-09-20 09:48:23,开发部4JAVA软件工程师中高级,阁瑞钛伦特软件(北京)有限公司 ,不限,北京,8001-10000元/月 ,26 
2017-09-20 09:48:23,开发部4Java软件开发初级,阁瑞钛伦特软件(北京)有限公司 ,不限,北京,8001-10000元/月 ,30 
2017-09-20 09:48:15,开发部4Java软件开发工程师初级 高级,阁瑞钛伦特软件(北京)有限公司 ,不限,北京,8001-10000元/月 ,30 
2017-09-20 09:48:23,开发部4JAVA高级软件工程师,阁瑞钛伦特软件(北京)有限公司 ,不限,北京,8001-10000元/月 ,26 
2017-09-20 09:48:15,开发部4Java软件开发工程师,阁瑞钛伦特软件(北京)有限公司 ,不限,北京,8001-10000元/月 ,26 
2017-09-20 09:46:20,开发部3Java软件开发工程师安卓,阁瑞钛伦特软件(北京)有限公司 ,不限,北京,8001-10000元/月 ,30 
2017-09-20 09:48:23,开发部4Java中级软件工程师,阁瑞钛伦特软件(北京)有限公司 ,不限,北京,8001-10000元/月 ,26 
2017-09-20 09:46:14,开发部三Java软件开发工程师B/S,阁瑞钛伦特软件(北京)有限公司 ,不限,北京,8001-10000元/月 ,26 
2017-09-20 09:48:23,开发部4Java软件工程师高级,阁瑞钛伦特软件(北京)有限公司 ,不限,北京,8001-10000元/月 ,26 
2017-09-20 09:48:19,JAVA工程师,北京金信润天信息技术股份有限公司 ,不限,北京,10001-15000元/月 ,10 
2017-09-20 09:54:52,开发部5Java程序员,阁瑞钛伦特软件(北京)有限公司 ,不限,北京,8001-10000元/月 ,18 
2017-09-20 13:32:15,8K急招Java软件开发工程师,因特驰软件(北京)有限公司,不限,北京,8001-10000元/月 ,16 
2017-09-20 09:54:42,开发部5高级JAVA开发工程师,阁瑞钛伦特软件(北京)有限公司 ,不限,北京,10001-15000元/月 ,20 
2017-09-20 09:54:52,开发部5互联网Java软件开发pc端,阁瑞钛伦特软件(北京)有限公司 ,不限,北京,8001-10000元/月 ,30 
2017-09-20 09:54:52,开发部5Java软件开发高级,阁瑞钛伦特软件(北京)有限公司 ,不限,北京,8001-10000元/月 ,18 
2017-09-14 17:26:52,招聘软件专业 ★应届生实习 ★0基础培养JAVA★ 包住宿,华锐祥博(北京)科技有限公司 ,不限,北京,8001-10000元/月 ,20 
2017-08-23 13:56:20,高薪直招java工程师,华锐祥博(北京)科技有限公司 ,无经验,北京,8001-10000元/月 ,30 
2017-09-15 16:03:08,开发部二 java开发工程师+五险一金,华锐祥博(北京)科技有限公司 ,不限,北京,8001-10000元/月 ,18 
2017-09-18 14:18:16,研发一招Java软件研发实训生06,华锐祥博(北京)科技有限公司 ,不限,北京,6001-8000元/月 ,16 
2017-09-20 16:39:55,高级java开发工程师,北京高阳捷迅信息技术有限公司,5-10年,北京,15000-25000元/月 ,1 
0002-01-01 00:00:00,Java研发经理,地利农产品投资控股有限公司 ,3-5年,北京,15001-20000元/月 ,1 
2017-09-16 10:48:45,高级Java研发工程师,北京雪扬科技有限公司 ,3-5年,北京,15001-20000元/月 ,1 
2017-09-20 13:33:15,初级Java软件开发工程师,因特驰软件(北京)有限公司,不限,北京,8001-10000元/月 ,16 
2017-09-14 18:00:09,高级JAVA开发工程师,"易金卡网络技术有限公司 eChinaCash Network Technology Co.,Ltd(US-incorporated)",5-10年,北京,16000-28000元/月 ,2 
2017-09-18 09:37:41,java开发工程师,北京指掌易科技有限公司 ,3-5年,北京,10000-20000元/月 ,10 
2017-09-18 13:46:11,JAVA工程师,京西商业保理有限公司 ,3-5年,北京,8000-16000元/月 ,3 
2017-08-17 10:19:00,急聘Java软件开发工程师,华锐祥博(北京)科技有限公司 ,不限,北京,6001-8000元/月 ,40 
2017-09-09 16:39:14,java,北京华正方圆科技发展有限公司 ,3-5年,北京,10001-15000元/月 ,1 
2017-09-11 15:03:30,高级Java开发工程师,安投融(北京)网络科技有限公司 ,5-10年,北京,20001-30000元/月 ,2 
2017-09-11 15:03:30,中级Java开发工程师,安投融(北京)网络科技有限公司 ,3-5年,北京,10000-15000元/月 ,2 
2017-09-15 17:38:53,JAVA高级开发工程师,壹壹金融信息服务(北京)有限公司,3-5年,北京,15001-20000元/月 ,3 
2017-09-18 17:36:34,零基础急招Java软件开发实训生包住宿就业,华锐祥博(北京)科技有限公司 ,不限,北京,6001-8000元/月 ,15 
2017-09-15 18:01:25,Java开发工程师,国政通科技股份有限公司 ,3-5年,北京,10001-15000元/月 ,1 
0002-01-01 00:00:00,java开发实习生包住,北京瑞明恒通科技有限公司 ,不限,北京,8001-10000元/月 ,5 
2017-09-18 17:36:34,5，企业直招java开发工程师（包住+8k）接收应届生,华锐祥博(北京)科技有限公司 ,不限,北京,6001-8000元/月 ,12 
2017-09-14 17:33:58,Java软件开发实习生零基础 互联网8K包住,华锐祥博(北京)科技有限公司 ,不限,北京,6001-8000元/月 ,12 
2017-09-15 09:33:04,java开发工程师,北京飞牛在天科技有限公司 ,不限,北京,12000-20000元/月 ,1 
2017-09-18 09:22:20,研发部二 8k招Java初级程序员,华锐祥博(北京)科技有限公司 ,不限,北京,10001-15000元/月 ,12 
2017-09-13 16:42:27,开发2部170 应届生java实习就业平台,华锐祥博(北京)科技有限公司 ,不限,北京,8001-10000元/月 ,15 
2017-09-13 16:42:27,开发2部 Java编程实习生+五险一金+包住宿,华锐祥博(北京)科技有限公司 ,不限,北京,8001-10000元/月 ,15 
2017-09-17 08:30:02,研发三部  JAVA软件开发实习生转正8千起薪,华锐祥博(北京)科技有限公司 ,不限,北京,6001-8000元/月 ,17 
2017-09-17 10:40:00,开发1部489 Java企业级定岗定责实习内训生,华锐祥博(北京)科技有限公司 ,不限,北京,8001-10000元/月 ,15 
2017-09-18 09:22:20,研发一诚聘Java初级开发工程师 包住宿06,华锐祥博(北京)科技有限公司 ,不限,北京,6001-8000元/月 ,19 
2017-09-17 10:40:00,开发5部Java大数据开发定岗生 826,华锐祥博(北京)科技有限公司 ,不限,北京,6001-8000元/月 ,12 
2017-09-11 15:24:11,JAVA开发工程师,人人公司（Renren Inc．） ,3-5年,北京,10000-20000元/月 ,1 
2017-09-18 09:45:05,研发三部急招JAVA开发工程师,华锐祥博(北京)科技有限公司 ,不限,北京,6001-8000元/月 ,15 
2017-09-18 10:47:03,互联网Java工程师,中信恒达支付有限公司 ,3-5年,北京,10001-15000元/月 ,1 
2017-09-18 13:14:06,研发部二 诚聘Java程序员高福利,华锐祥博(北京)科技有限公司 ,不限,北京,8001-10000元/月 ,8 
2017-09-13 09:48:14,高级Java开发工程师,北京中德福林软件科技有限公司 ,5-10年,北京,15000-25000元/月 ,5 
2017-09-15 14:51:47,高级java开发工程师,北京思源互联科技有限公司 ,5-10年,北京,18000-25000元/月 ,1 
2017-09-19 09:50:00,java开发人员+8K+提供住宿,华锐祥博(北京)科技有限公司 ,不限,北京,8001-10000元/月 ,18 
2017-09-13 09:48:02,中高级Java开发,北京中德福林软件科技有限公司 ,3-5年,北京,8000-15000元/月 ,20 
2017-09-20 13:39:16,java后台开发,北京尖峰创游科技有限公司 ,1-3年,北京,8000-10000元/月 ,1 
2017-09-13 14:09:33,JAVA开发工程师,众巢医学科技(上海)股份有限公司 ,3-5年,北京,15000-17000元/月 ,1 
2017-09-15 09:17:37,中级JAVA工程师,北京恒善信诚科技有限公司 ,3-5年,北京,10001-15000元/月 ,1 
0002-01-01 00:00:00,高级Java开发,北京中德福林软件科技有限公司 ,5-10年,北京,15001-20000元/月 ,5 
2017-09-18 15:16:11,JAVA高级工程师,北京掌上新城信息技术有限公司 ,3-5年,北京,18000-30000元/月 ,1 
2017-09-15 11:40:06,JAVA WEB高级软件工程师+3年经验（望京）,北京万仑科技有限公司 ,3-5年,北京,10000-20000元/月 ,3 
2017-09-19 17:27:14,4-6K诚招JAVA实习生,北京中软智信科技有限公司 ,不限,北京,4001-6000元/月 ,4 
2017-09-20 10:19:32,Java软件开发工程师,因特驰软件(北京)有限公司,不限,北京,8001-10000元/月 ,35 
2017-09-20 10:16:54,初级Java软件开发工程师,因特驰软件(北京)有限公司,无经验,北京,8001-10000元/月 ,1 
2017-09-20 10:16:54,Java软件开发工程师,因特驰软件(北京)有限公司,无经验,北京,8001-10000元/月 ,1 
2017-09-20 10:16:47,转互联网Java软件开发程序员,因特驰软件(北京)有限公司,不限,北京,8001-10000元/月 ,1 
2017-09-20 10:16:47,Java软件开发实习生,因特驰软件(北京)有限公司,不限,北京,8001-10000元/月 ,1 
2017-09-20 10:16:47,金融软Java程序员,因特驰软件(北京)有限公司,不限,北京,8001-10000元/月 ,1 
2017-09-20 10:16:47,Java资深开发工程师,因特驰软件(北京)有限公司,不限,北京,8001-10000元/月 ,1 
2017-09-20 10:19:38,金融软Java程序员,因特驰软件(北京)有限公司,不限,北京,8001-10000元/月 ,35 
2017-09-20 10:19:38,Java资深开发工程师,因特驰软件(北京)有限公司,不限,北京,8001-10000元/月 ,35 
2017-09-20 10:19:38,Java软件开发实习生,因特驰软件(北京)有限公司,无经验,北京,8001-10000元/月 ,35 
2017-09-20 10:13:34,JAVA软件开发程序员,中瑞华科(北京)科技有限公司 ,不限,北京,4500-8000元/月 ,9 
2017-09-20 10:12:20,初级Java软件开发工程师,因特驰软件(北京)有限公司,不限,北京,8001-10000元/月 ,1 
2017-09-20 10:12:20,8K急招Java软件开发工程师,因特驰软件(北京)有限公司,不限,北京,8001-10000元/月 ,1 
2017-09-20 10:12:20,Java软件开发工程师,因特驰软件(北京)有限公司,不限,北京,8001-10000元/月 ,1 
2017-09-20 10:12:20,Java资深开发工程师,因特驰软件(北京)有限公司,不限,北京,8001-10000元/月 ,1 
2017-09-20 10:12:20,金融软件Java程序员,因特驰软件(北京)有限公司,无经验,北京,8001-10000元/月 ,1 
2017-09-20 10:12:20,Java软件开发实习生,因特驰软件(北京)有限公司,不限,北京,8001-10000元/月 ,1 
2017-09-20 10:12:20,Java/C/C++软件工程师／大数据开发,因特驰软件(北京)有限公司,不限,北京,8001-10000元/月 ,1 
2017-09-20 10:12:14,软件Java测试工程师,因特驰软件(北京)有限公司,不限,北京,8001-10000元/月 ,1 
2017-09-20 10:12:14,转互联网Java软件开发程序员,因特驰软件(北京)有限公司,不限,北京,8001-10000元/月 ,1 
2017-09-15 17:18:06,Java高级工程师,东华光普大数据技术有限公司 ,5-10年,北京,20001-30000元/月 ,1 
2017-09-13 12:05:22,java高级工程师,宝驾出行(北京)科技有限公司 ,5-10年,北京,20001-30000元/月 ,5 
2017-09-17 16:47:40,Java工程师,北京再来人华来荣信息技术有限公司 ,3-5年,北京,12000-18000元/月 ,1 
2017-09-20 13:29:12,Java/C/C++软件工程师／大数据开发,因特驰软件(北京)有限公司,不限,北京,8001-10000元/月 ,16 
2017-09-20 13:28:45,金融软Java程序员,因特驰软件(北京)有限公司,不限,北京,8001-10000元/月 ,16 
2017-09-18 11:40:11,Java工程师,广州普及网络科技有限公司北京分公司 ,3-5年,北京,15000-25000元/月 ,3 
2017-09-15 15:55:16,java后端开发工程师+无限晋升空间,尚德机构 ,1-3年,北京,10000-15000元/月 ,1 
2017-09-07 16:41:03,Java高级软件工程师,中科金审(北京)科技有限公司 ,5-10年,北京,15000-30000元/月 ,13 
2017-09-07 16:41:03,JAVA软件工程师,中科金审(北京)科技有限公司 ,3-5年,北京,10001-15000元/月 ,5 
2017-09-20 10:36:11,高级JAVA工程师(微服务方向),国信慧丰(北京)科技发展有限公司 ,3-5年,北京,12000-18000元/月 ,5 
2017-09-17 22:04:48,Java开发工程师（外包）,北京神州新桥科技有限公司 ,3-5年,北京,10000-20000元/月 ,10 
2017-09-14 10:09:03,Java软件开发工程师,北京哥大诺博教育科技股份有限公司,不限,北京,10001-15000元/月 ,1 
2017-09-14 11:00:30,JAVA高级工程师(职位编号：ppw05),北京拍片乐科技有限公司 ,3-5年,北京,15001-20000元/月 ,1 
2017-09-14 09:18:13,JAVA开发工程师,北京复华卓越商业管理有限公司 ,3-5年,北京,10000-20000元/月 ,1 
2017-09-20 10:36:06,搜索开发工程师(JAVA高级工程师),国信慧丰(北京)科技发展有限公司 ,3-5年,北京,13000-18000元/月 ,3 
2017-09-18 09:13:31,java开发工程师,北京代达衡通科技有限公司 ,5-10年,北京,10001-15000元/月 ,1 
2017-09-19 11:32:39,java软件工程师,奥瑞金包装股份有限公司,3-5年,北京,10001-15000元/月 ,2 
2017-09-20 09:00:00,java工程师,互腾(北京)科技有限公司 ,1-3年,北京,6000-9000元/月 ,1 
0002-01-01 00:00:00,JAVA开发,美团点评,3-5年,北京,面议 ,1 
2017-09-01 09:15:45,高级java工程师（网络运营部）(职位编号：xdf011541),北京新东方学校 ,1-3年,北京,10000-16000元/月 ,2 
0002-01-01 00:00:00,Java开发工程师,上海微创软件股份有限公司,不限,北京,8000-12000元/月 ,1 
2017-09-19 10:03:34,JAVA软件开发工程师,北京互伴网络科技有限公司 ,1-3年,北京,8001-10000元/月 ,1 
0002-01-01 00:00:00,java后端开发,京东集团 ,5-10年,北京,面议 ,1 
2017-09-13 11:15:41,Java开发工程师,北京世纪高通科技有限公司,1-3年,北京,8000-16000元/月 ,2 
2017-09-11 11:39:19,JAVA高级工程师,北京聚通达科技股份有限公司 ,5-10年,北京,13000-25000元/月 ,2 
2017-09-13 16:22:01,Java软件开发实习生/不限经验/,华锐祥博(北京)科技有限公司 ,不限,北京,6001-8000元/月 ,40 
2017-09-13 16:22:01,急聘急聘急聘Java软件开发方向无经验可实习,华锐祥博(北京)科技有限公司 ,不限,北京,6001-8000元/月 ,15 
2017-09-13 16:22:01,急聘java实习初级程序员,华锐祥博(北京)科技有限公司 ,不限,北京,6001-8000元/月 ,40 
2017-09-19 13:33:25,JAVA后端工程师,北京森馥科技股份有限公司 ,3-5年,北京,10000-15000元/月 ,1 
0002-01-01 00:00:00,java（安立路）,贝乐学科英语,3-5年,北京,15001-20000元/月 ,1 
2017-09-18 16:56:42,JAVA开发工程师,北京华正方圆科技发展有限公司 ,3-5年,北京,10001-15000元/月 ,10 
2017-09-18 13:46:03,JAVA中级开发工程师,京西商业保理有限公司 ,5-10年,北京,10000-20000元/月 ,1 
2017-09-14 09:54:15,Java开发工程师,北京有恒百加教育科技有限公司 ,5-10年,北京,15000-17000元/月 ,2 
2017-09-19 17:35:56,零基础JAVA实习生/学徒 双休,北京中软智信科技有限公司 ,1年以下,北京,4001-6000元/月 ,4 
2017-09-20 11:05:08,Web前端转JAVA开发（可实习）,北京中软智信科技有限公司 ,不限,北京,4001-6000元/月 ,5 
2017-09-19 17:36:28,JAVA初级工程师,北京中软智信科技有限公司 ,1年以下,北京,4001-6000元/月 ,3 
2017-09-18 17:01:13,华锐科技招JAVA安卓Web前端开发管住宿 周末双休,华锐祥博(北京)科技有限公司 ,不限,北京,8001-10000元/月 ,20 
2017-09-14 16:44:59,开发部二 Java软件开发实习生+五险一金,华锐祥博(北京)科技有限公司 ,不限,北京,8001-10000元/月 ,18 
2017-09-19 17:37:17,Java开发工程师实习生/学徒,北京中软智信科技有限公司 ,不限,北京,4001-6000元/月 ,5 
2017-09-17 10:50:00,8K招零基础java开发,华锐祥博(北京)科技有限公司 ,不限,北京,6001-8000元/月 ,12 
2017-09-17 10:50:00,高薪诚Java开发工程师,华锐祥博(北京)科技有限公司 ,不限,北京,6001-8000元/月 ,12 
2017-09-19 17:27:55,上市公司招JAVA实习生,北京中软智信科技有限公司 ,不限,北京,4001-6000元/月 ,4 
2017-09-15 16:38:52,高薪诚聘Java软件开发五险一金,华锐祥博(北京)科技有限公司 ,不限,北京,8001-10000元/月 ,20 
2017-09-18 14:46:11,JAVA工程师,九城网络技术集团有限公司,3-5年,北京,15001-20000元/月 ,1 
2017-09-15 17:26:45,Java高级工程师,中融永信(北京)金融服务外包有限公司 ,1年以下,北京,15001-20000元/月 ,1 
2017-09-15 11:37:30,研发部二 招聘Java实习生，无经验亦可,华锐祥博(北京)科技有限公司 ,不限,北京,8001-10000元/月 ,12 
2017-09-19 14:52:10,高级Java工程师,卡联科技集团股份有限公司,不限,北京,18000-30000元/月 ,2 
2017-09-14 16:56:33,研发一部 Java实习生+包住宿7k+五险一金97,华锐祥博(北京)科技有限公司 ,不限,北京,6001-8000元/月 ,18 
2017-09-15 15:39:20,项目组2 零基础Java工程师（Java/安卓）,华锐祥博(北京)科技有限公司 ,不限,北京,8001-10000元/月 ,18 
2017-09-15 11:37:30,研发1部诚招java开发程序员81,华锐祥博(北京)科技有限公司 ,不限,北京,6001-8000元/月 ,12 
2017-09-11 15:56:36,Java高级研发工程师,中企动力科技股份有限公司,3-5年,北京,15001-20000元/月 ,3 
2017-09-19 17:27:14,JAVA开发工程师,北京三品公道科技发展有限公司 ,3-5年,北京,8000-12000元/月 ,1 
2017-09-19 21:38:35,高级JAVA工程师,北京天泓伟业科技有限公司 ,3-5年,北京,10001-15000元/月 ,5 
